﻿<?xml version="1.0" encoding="utf-8"?>
<SPObjects xmlns="urn:deployment-manifest-schema">
  <SPObject Id="3c236c16-f9b5-4015-8fc1-8834b024f323" ObjectType="SPFile" ParentId="81726c31-ba8c-4777-bad0-07de55de0dca" ParentWebId="06cf24c9-55aa-4f85-91ae-a55a375589b2" ParentWebUrl="/sites/migration-a" Url="/sites/migration-a/Shared Documents/Export-OneDrive-Users.csv">
    <File Url="Shared Documents/Export-OneDrive-Users.csv" Id="3c236c16-f9b5-4015-8fc1-8834b024f323" ParentWebId="06cf24c9-55aa-4f85-91ae-a55a375589b2" ParentWebUrl="/sites/migration-a" Name="Export-OneDrive-Users.csv" ListItemIntId="1" ListId="6586e357-7b6e-4121-bf52-2feda3d5d582" ParentId="81726c31-ba8c-4777-bad0-07de55de0dca" TimeCreated="2025-10-24T15:28:21" TimeLastModified="2025-10-10T11:21:35" Version="1.0" FileValue="Export-OneDrive-Users.csv" FileSize="50890" Author="1" ModifiedBy="1" />
  </SPObject>
  <SPObject Id="893b5314-3030-45f0-824d-0a3c27359068" ObjectType="SPListItem" ParentId="6586e357-7b6e-4121-bf52-2feda3d5d582" ParentWebId="06cf24c9-55aa-4f85-91ae-a55a375589b2" ParentWebUrl="/sites/migration-a" Url="/sites/migration-a/Shared Documents/Export-OneDrive-Users.csv">
    <ListItem FileUrl="Shared Documents/Export-OneDrive-Users.csv" DocType="File" ParentFolderId="81726c31-ba8c-4777-bad0-07de55de0dca" Order="100" Id="893b5314-3030-45f0-824d-0a3c27359068" ParentWebId="06cf24c9-55aa-4f85-91ae-a55a375589b2" ParentListId="6586e357-7b6e-4121-bf52-2feda3d5d582" Name="Export-OneDrive-Users.csv" DirName="/sites/migration-a/Shared Documents" IntId="1" DocId="3c236c16-f9b5-4015-8fc1-8834b024f323" Version="1.0" Author="1" ModifiedBy="1" TimeLastModified="2025-10-10T11:21:35" TimeCreated="2025-10-24T15:28:21" ModerationStatus="Approved">
      <Fields />
    </ListItem>
  </SPObject>
</SPObjects>