﻿<?xml version="1.0" encoding="utf-8"?>
<SystemData xmlns="urn:deployment-systemdata-schema">
  <SchemaVersion Version="15.0.0.0" Build="16.0.3111.1200" DatabaseVersion="11552" SiteVersion="15" ObjectsProcessed="4" />
  <ManifestFiles>
    <ManifestFile Name="Manifest.xml" />
  </ManifestFiles>
  <SystemObjects>
    <SystemObject Id="eaf2c5bb-6cbf-422b-a1cc-1950bd50a8d5" Type="Folder" Url="/sites/migration-a" />
    <SystemObject Id="06cf24c9-55aa-4f85-91ae-a55a375589b2" Type="Web" Url="/sites/migration-a" />
    <SystemObject Id="3b8059e6-115c-4b00-8da6-a470e3e452f1" Type="List" Url="/sites/migration-a/_catalog/users" />
    <SystemObject Id="81726c31-ba8c-4777-bad0-07de55de0dca" Type="Folder" Url="/sites/migration-a/Shared Documents" />
    <SystemObject Id="6586e357-7b6e-4121-bf52-2feda3d5d582" Type="List" Url="/sites/migration-a/Shared Documents" />
  </SystemObjects>
  <RootWebOnlyLists />
</SystemData>